524	Argentina
529	United States
530	United States
531	Colombia
538	United States
539	United States
540	Hong Kong
541	United States
542	Israel
543	Germany
544	Canada
546	Australia
547	China
548	Portugal
549	Ireland
550	United States
551	United States
552	United States
553	China
554	Netherlands
555	Brazil
557	United States
558	United States
559	United States
561	Iran, Islamic Republic of
563	United Kingdom
4	United States
564	Russian Federation
565	Russian Federation
566	Korea, Republic of
545	United States
307	Indonesia
560	United States
556	Germany
525	United States
528	United States
526	United States
533	United States
534	United States
535	United States
536	United States
263	United States
567	United States
568	Lebanon
569	Belgium
570	China
571	United Kingdom
572	Belgium
232	Spain
235	United Kingdom
279	United States
304	El Salvador
342	Italy
381	China
414	Singapore
455	China
467	Germany
227	Korea, Republic of
230	United States
532	United States
493	Switzerland
236	United States
195	United States
196	United States
199	United States
203	United States
207	United States
210	United States
213	Turkey
217	United States
222	United States
237	United States
240	United States
243	Iceland
241	Albania
201	China
218	United States
220	United States
223	Israel
157	Israel
244	United States
225	Romania
215	United States
197	United States
214	United States
209	United States
200	United States
233	Portugal
184	
228	Korea, Republic of
211	United States
231	United States
234	Spain
238	Denmark
198	United States
204	United States
206	United States
212	United States
216	United States
221	United States
174	Israel
229	United States Minor Outlying Islands
239	United Kingdom
242	Serbia
619	United States
50	United States
7	United States
63	United States
28	United States
67	United States
98	Italy
31	United States
691	Morocco
176	Israel
202	United States
245	United States
246	United States
247	Argentina
248	United States
249	Indonesia
251	United Kingdom
252	United States
253	United States
256	United States
257	Austria
258	Morocco
259	Brazil
260	United States
261	Israel
262	Israel
264	United States
154	United States
72	United States
254	Israel
280	United States
266	United States
267	United States
270	United States
271	United States
265	United States
272	United States
294	United States
74	United States
66	United States
295	United States
274	United States
276	United States
273	United States
277	United States
278	Colombia
286	Switzerland
287	United States
288	United States
269	United States
285	United States
268	United States
255	United States
289	Colombia
290	Australia
291	Colombia
292	United States
293	Indonesia
296	United States
297	United States
298	Indonesia
300	United States
301	Germany
275	United States
305	Colombia
306	Spain
308	United States
309	United Kingdom
310	United States
311	United States
302	United States
312	United States
829	Israel
313	Korea, Republic of
314	New Zealand
315	United States
316	United States
318	United States
319	United States
321	United States
322	United Kingdom
323	Austria
324	Bulgaria
325	United States
326	United States
327	United States
328	Iran, Islamic Republic of
329	Algeria
335	China
303	United Kingdom
317	Spain
330	United Arab Emirates
331	Brazil
332	Colombia
333	Netherlands
334	United States
336	Algeria
337	United States
338	Germany
339	Portugal
340	United States
341	United States
343	Mexico
344	Hong Kong
345	India
346	Belgium
347	Spain
348	Zimbabwe
349	Algeria
350	United States
351	United States
352	Mexico
353	Israel
354	China
355	Italy
356	United States
357	Czech Republic
358	Belgium
359	United Kingdom
360	United States
361	United Kingdom
362	Brunei Darussalam
363	Russian Federation
364	Iran, Islamic Republic of
365	United States
367	Aruba
368	United States
369	United States
370	Iraq
372	Sri Lanka
374	United States
366	Algeria
375	Italy
376	Spain
377	United States
378	Canada
379	France
380	United States
382	Portugal
383	United States
384	United Kingdom
385	United States
386	China
387	United States
388	Iran, Islamic Republic of
389	Japan
390	United States
391	Poland
392	Australia
393	United States
415	Singapore
394	Spain
395	Nigeria
396	United States
397	Indonesia
399	Poland
400	United States
401	United Kingdom
402	Brazil
403	France
404	United Kingdom
405	Argentina
406	China
407	United States
408	Brazil
371	Iran, Islamic Republic of
409	Germany
410	United Kingdom
411	China
412	Singapore
416	Singapore
417	Singapore
418	Singapore
419	Singapore
413	Singapore
420	Tunisia
226	United States
421	Canada
422	Malaysia
423	United States
424	United Kingdom
425	Peru
427	Brazil
428	Philippines
429	United States
445	United States
446	Romania
447	Spain
430	United Kingdom
426	Pakistan
432	Cameroon
433	Pakistan
434	India
435	United Kingdom
436	United States
437	Australia
439	Uzbekistan
440	Ukraine
441	Brazil
442	Brazil
443	Switzerland
448	United States
449	United States
450	Russian Federation
451	United States
452	United States
453	China
454	Albania
444	Ghana
456	United States
431	Venezuela
457	United Kingdom
458	Iran, Islamic Republic of
459	United States
460	United States
461	United States
462	China
463	Australia
464	Indonesia
465	United States
466	Poland
468	Poland
469	France
470	Indonesia
471	Mexico
472	United States
473	India
474	United Kingdom
475	Bangladesh
476	Argentina
477	Denmark
478	United States
479	United States
480	United States
481	Croatia
482	Chile
483	Italy
484	United States
485	Philippines
486	Greece
489	Israel
491	New Zealand
492	United Kingdom
494	Iran, Islamic Republic of
495	United States
496	Indonesia
497	Austria
498	Germany
499	Malaysia
490	Liberia
500	Portugal
501	New Zealand
502	Norway
503	Czech Republic
504	Mexico
505	Germany
506	Colombia
508	United States
511	India
512	United States
513	India
514	India
515	Germany
488	France
516	United States
517	Viet Nam
518	United States
519	United States
520	Algeria
521	United States
523	United Kingdom
573	United States
574	Sweden
575	Algeria
509	United States
522	United States
576	Colombia
577	Canada
578	United States
579	United States
580	United States
581	United States
582	Romania
583	Cyprus
584	United States
585	United States
586	Canada
588	United States
590	Nigeria
591	Portugal
589	Singapore
594	Indonesia
595	Italy
596	Croatia
600	United States
593	Ireland
597	Ireland
598	Portugal
599	Netherlands
601	United States
602	United States
603	United States
606	United Kingdom
607	United States
608	United States
609	United States
612	United States
613	China
605	United States
617	United States
616	United States
592	United States
618	United States
621	United States
622	Denmark
623	United States
624	United States
628	United States
629	United States
630	Norway
631	United States
632	Bahrain
633	Croatia
587	Thailand
634	United States
635	Brazil
637	United States
638	New Zealand
640	Romania
641	Mexico
642	Spain
643	United States
615	United States
645	Morocco
647	Korea, Republic of
650	Tunisia
644	United States
620	United States
636	United States
646	Indonesia
627	United States
625	United States
648	United States
671	Japan
611	United States
626	United States
649	Philippines
651	United Kingdom
652	United States
653	United States
654	Australia
655	Spain
537	United States
250	United States
656	Viet Nam
657	Netherlands
658	India
659	Spain
660	United States
661	United Kingdom
662	United States
664	Romania
668	United Kingdom
672	South Africa
669	Netherlands
670	China
510	Czech Republic
673	Indonesia
675	United States
676	India
674	Italy
677	United States
610	United States
678	United States
679	United States
681	Italy
682	United States
604	United States
683	Canada
684	United States
685	Romania
686	United Kingdom
687	United Kingdom
688	China
689	United States
690	United States
680	United States
667	Germany
665	Sweden
663	United States
666	Italy
806	United Kingdom
950	Colombia
728	United States
695	Israel
702	Israel
716	United States
703	Israel
724	United States
320	Russian Federation
699	Israel
696	Israel
709	Algeria
710	United States
704	Israel
706	United Kingdom
711	Singapore
705	United Kingdom
721	United States
717	Iran, Islamic Republic of
701	Israel
698	Israel
694	Israel
692	Israel
713	Israel
718	Israel
719	United States
707	Argentina
722	United States
693	Israel
725	Canada
723	United States
715	Philippines
720	United States
714	Israel
639	Italy
726	South Africa
727	United States
507	Australia
700	Israel
708	Philippines
712	Brazil
729	United States
730	United States
731	United States
697	United States
732	Mexico
733	United States
735	Indonesia
736	Brazil
737	Brazil
738	Chile
739	Malaysia
741	Pakistan
752	United States
742	Australia
740	Austria
734	United Kingdom
744	Italy
743	Canada
745	United States
746	United States
753	India
747	Nigeria
748	United States
749	Spain
750	India
751	Australia
754	Belgium
755	China
757	United States
219	United States
69	United States
758	United States
759	United States
11	United States
156	United States
778	Argentina
786	United States
827	Korea, Republic of
756	United States
102	United States
760	Colombia
224	Israel
762	Slovenia
763	Costa Rica
764	United States
765	United States
766	China
299	Canada
771	Germany
527	United States
112	United States
770	Canada
767	Sweden
208	United States
772	China
768	United Kingdom
781	Colombia
773	United States
774	Malaysia
777	Argentina
776	United States
782	United States
775	United States
780	Portugal
438	United Kingdom
783	United States
779	United States
785	United Kingdom
487	Belgium
787	Canada
788	India
769	United States
784	New Zealand
859	Viet Nam
789	United States
790	United Kingdom
205	United States
792	Australia
793	United Kingdom
794	Korea, Republic of
812	Argentina
795	United States
796	United States
68	United States
797	Brazil
813	Korea, Republic of
798	Mexico
614	United States
791	United States
799	Argentina
801	United States
802	United States
803	Austria
804	Pakistan
805	Argentina
807	United States
1	Israel
808	United States
814	Korea, Republic of
809	Norway
810	United Kingdom
811	United States
815	Canada
823	Brazil
816	China
817	United States
818	Taiwan, Province of China
820	Australia
821	Peru
824	Ecuador
825	United States
800	United States
860	Ukraine
819	United States
861	France
862	United States
822	India
826	United States
828	China
830	Brazil
832	China
833	Italy
834	Canada
835	United States
836	United States
761	United States
838	Brazil
839	United States
840	United States
841	Philippines
842	Germany
843	Brazil
837	Brazil
844	United States
845	United States
846	United States
848	Pakistan
849	France
562	United States
851	Burkina Faso
852	India
854	Canada
398	Spain
853	Spain
856	United Kingdom
857	Brazil
855	United Kingdom
858	Germany
863	Israel
864	United Kingdom
865	New Zealand
866	Hungary
867	China
868	China
869	Chile
831	United States
870	Egypt
883	United Kingdom
884	United States
871	United States
873	Russian Federation
874	Canada
875	United States
876	United States
877	Colombia
879	United States
880	Iran, Islamic Republic of
885	United Kingdom
899	Philippines
882	Brazil
886	Korea, Republic of
894	Canada
887	New Zealand
888	United States
889	United States
890	United States
895	Colombia
373	United States
893	United States
891	Israel
902	United States
897	Brazil
898	Peru
896	United States
901	United States
903	China
905	United States
904	United States
906	Tunisia
907	United States
872	Austria
881	Germany
892	Korea, Republic of
908	United States
909	United States
900	Mexico
911	Philippines
913	Canada
914	Belgium
916	United States
917	China
918	United States
910	United States
927	Algeria
928	United States
912	Malaysia
919	Brazil
920	United States
932	China
933	United Kingdom
922	Philippines
923	United Kingdom
924	Morocco
925	China
936	Hong Kong
921	United States
930	Canada
931	Indonesia
934	Iran, Islamic Republic of
847	Canada
937	United Kingdom
938	United States
939	Morocco
940	Sri Lanka
926	United States
943	United States
915	Australia
942	Mexico
941	Greece
944	United States
946	United States
945	Hong Kong
948	Pakistan
947	India
949	Colombia
951	United States
952	United States
953	Belarus
954	United States
955	United States
956	Denmark
957	United States
978	China
958	Japan
959	Taiwan, Province of China
960	Russian Federation
961	United Kingdom
962	United States
963	United States
964	Poland
965	France
966	United States
850	Japan
967	Hong Kong
968	Singapore
969	United States
970	Bangladesh
979	United States
971	United States
980	United States
972	Iran, Islamic Republic of
973	United States
974	Turkey
935	Indonesia
977	Philippines
976	United States
981	United States
975	United Kingdom
982	Czech Republic
929	Greece
983	Poland
